Title,Runtime (minutes),Language,Overview,Release Year,Genre,Keywords,Actors,Directors,Stream,Buy,Rent,Production Companies,Website
Terminator Genisys,126,English,"The year is 2029. John Connor, leader of the resistance continues the war against the machines. At the Los Angeles offensive, John's fears of the unknown future begin to emerge when TECOM spies reveal a new plot by SkyNet that will attack him from both fronts; past and future, and will ultimately change warfare forever.",2015,"Science Fiction, Action, Thriller, Adventure","future, artificial intelligence (a.i.), saving the world, cyborg, killer robot, dystopia, time travel, sequel, robot, duringcreditsstinger, terminator","Matt Smith, Jason Clarke, Emilia Clarke, Arnold Schwarzenegger, Jai Courtney",Alan Taylor,"Amazon Prime Video, fuboTV, MGM Plus Amazon Channel, Paramount Plus, Paramount Plus Apple TV Channel , Paramount+ Amazon Channel, MGM Plus Roku Premium Channel, MGM Plus ","Apple TV, Amazon Video, Google Play Movies, YouTube, Vudu, Microsoft Store, AMC on Demand ","Apple TV, Amazon Video, Google Play Movies, YouTube, Vudu, Microsoft Store ","Paramount, Skydance Media, Annapurna Pictures",https://www.paramount.com/movies/terminator-genisys
Paul Blart: Mall Cop 2,94,English,"Security guard Paul Blart is headed to Las Vegas to attend a Security Guard Expo with his teenage daughter Maya before she departs for college. While at the convention, he inadvertently discovers a heist - and it's up to Blart to apprehend the criminals.",2015,"Action, Comedy, Family","shopping mall, las vegas, security guard","Eduardo Verástegui, Kevin James, Raini Rodriguez, Neal McDonough, Daniella Alonso",Andy Fickman,"Amazon Prime Video, Starz Apple TV Channel ","Apple TV, Amazon Video, Google Play Movies, YouTube, Vudu, Microsoft Store, AMC on Demand ","Apple TV, Amazon Video, Google Play Movies, YouTube, Vudu, Microsoft Store ","Columbia Pictures, Hey Eddie, LStar Capital, Sony Pictures, Happy Madison Productions, Broken Road Productions",Unknown
The Night Before,101,English,"In New York City for their annual tradition of Christmas Eve debauchery, three lifelong best friends set out to find the Holy Grail of Christmas parties since their yearly reunion might be coming to an end.",2015,"Comedy, Adventure, Fantasy","new york city, holiday, christmas party, male friendship, hanukkah, drugs, childhood friends, christmas music, christmas","Jillian Bell, Anthony Mackie, Joseph Gordon-Levitt, Lizzy Caplan, Seth Rogen",Jonathan Levine,"Starz Apple TV Channel, Starz Roku Premium Channel, Starz, Starz Amazon Channel ","Apple TV, Amazon Video, Google Play Movies, YouTube, Vudu, Microsoft Store, Redbox, AMC on Demand ","Apple TV, Amazon Video, Google Play Movies, YouTube, Vudu, Microsoft Store, Redbox ","Sony Pictures, Good Universe, Point Grey Pictures, Columbia Pictures",https://www.facebook.com/NightBeforeMovie
The Big Short,131,English,The men who made millions from a global economic meltdown.,2015,"Comedy, Drama","based on novel or book, bank, fraud, wall street, biography, based on true story, finances, animated scene, historical fiction, loan, financial crisis, real estate, mortgage","Ryan Gosling, Finn Wittrock, John Magaro, Christian Bale, Steve Carell",Adam McKay,"fuboTV, MGM Plus Amazon Channel, Paramount Plus, Paramount Plus Apple TV Channel , Paramount+ Amazon Channel, Hoopla, MGM Plus ","Apple TV, Amazon Video, Google Play Movies, YouTube, Vudu, Microsoft Store, AMC on Demand ","Apple TV, Amazon Video, Google Play Movies, YouTube, Vudu, Microsoft Store ","Paramount, Regency Enterprises, Plan B Entertainment",http://www.thebigshortmovie.com
Trainwreck,125,English,"Having thought that monogamy was never possible, a commitment-phobic career woman may have to face her fears when she meets a good guy.",2015,"Comedy, Romance","alcohol, surgeon, interview, romantic comedy, one-night stand, doctor, falling in love, nursing home, selfishness, intern, multiple sclerosis, serial dating, party girl, sleeping around, sick father, sister sister relationship, recreational drug use, movie theater, pattern, magazine writer, professional basketball player","Amy Schumer, Brie Larson, Bill Hader, LeBron James, Colin Quinn",Judd Apatow,"Max, Max Amazon Channel ","Apple TV, Amazon Video, Google Play Movies, YouTube, Vudu, Microsoft Store, AMC on Demand ","Apple TV, Amazon Video, Google Play Movies, YouTube, Vudu, Microsoft Store, Spectrum On Demand ",Apatow Productions,http://www.trainwreckmovie.com
Riley's First Date?,5,English,"Riley, now 12, who is hanging out with her parents at home when potential trouble comes knocking. Mom's and Dad's Emotions find themselves forced to deal with Riley going on her first ""date.""",2015,"Animation, Family","parent child relationship, rock music, boyfriend, first date, emotions, overprotective father, short film","Pete Docter, Ben Cox, Carlos Alazraqui, Diane Lane, Kyle MacLachlan",Josh Cooley,Disney Plus ,,,Pixar,Unknown
Mom's Friend,91,Korean,"Seong Soo, a twenty years old boy, decided to move to Seoul after being accepted into Seoul University. However, he was a victim of real estate scam. He then moves into his mother's friend's house. Moreover, it turns out that his mother's friend is a sexy self-employed mother and Seong Soo is attracted to her.",2015,"Drama, Romance",softcore,"Yeong Ah, Heo Ye-chang, Kim Woon, Hee-jeong, Ahn Min-sang",Myeong Seok Hwan,,,,Four Seasons of Younghwasa,Unknown
Point Break,113,English,"A young undercover FBI agent infiltrates a gang of thieves who share a common interest in extreme sports. A remake of the 1991 film, ""Point Break"".",2015,"Action, Adventure, Crime, Thriller","undercover agent, undercover, fbi, extreme sports, remake","Luke Bracey, Ray Winstone, Max Thieriot, Teresa Palmer, Edgar Ramírez",Ericson Core,,"Apple TV, Amazon Video, Google Play Movies, YouTube, Vudu, Microsoft Store, AMC on Demand ","Apple TV, Amazon Video, Google Play Movies, YouTube, Vudu, Microsoft Store, Spectrum On Demand ","Studio Babelsberg, Alcon Entertainment, DMG Entertainment, Taylor-Baldecchi-Wimmer Productions, Warner Bros. Pictures, Summit Entertainment, Cine Tirol, Eagle Pictures",https://www.facebook.com/PointBreakMovie
Descendants,112,English,"A present-day idyllic kingdom where the benevolent teenage son of King Adam and Queen Belle offers a chance of redemption for the troublemaking offspring of Disney's classic villains: Cruella De Vil (Carlos), Maleficent (Mal), the Evil Queen (Evie) and Jafar (Jay).",2015,"Family, Music, Adventure, Comedy, Fantasy, TV Movie","witch, high school, magic, fairy tale, villain, teen movie, fairy godmother, teenage protagonist, maleficent","Cameron Boyce, Sofia Carson, Dove Cameron, Booboo Stewart, Mitchell Hope",Kenny Ortega,"Disney Plus, fuboTV, DisneyNOW ","Amazon Video, Google Play Movies, YouTube, Vudu ",Amazon Video ,"Bad Angels Productions, Ltd., 5678 Productions",Unknown
Straight Outta Compton,147,English,"In 1987, five young men, using brutally honest rhymes and hardcore beats, put their frustration and anger about life in the most dangerous place in America into the most powerful weapon they had: their music.  Taking us back to where it all began, Straight Outta Compton tells the true story of how these cultural rebels—armed only with their lyrics, swagger, bravado and raw talent—stood up to the authorities that meant to keep them down and formed the world’s most dangerous group, N.W.A.  And as they spoke the truth that no one had before and exposed life in the hood, their voice ignited a social revolution that is still reverberating today.",2015,"Drama, Music, History","drug dealer, police brutality, husband wife relationship, rap music, hip-hop, sibling relationship, aids, parent child relationship, gangster, rapper, ghetto, nightclub, assault, freedom of speech, protest, vandalism, recording contract, rags to riches, based on true story, terminal illness, road trip, feud, marijuana, gang, police chase, hospital, racism, los angeles, california, detroit, michigan, racial slur, wrongful arrest, death of brother, milwaukee wisconsin, police raid, police harassment, duringcreditsstinger, record company, music tour, 1980s, intimidation by police, los angeles riots, compton, california","Jason Mitchell, O'Shea Jackson Jr., Corey Hawkins, Neil Brown Jr., Aldis Hodge",F. Gary Gray,"Max, Max Amazon Channel, Cinemax Amazon Channel, Cinemax Apple TV Channel ","Apple TV, Amazon Video, Google Play Movies, YouTube, Vudu, Microsoft Store, AMC on Demand ","Apple TV, Amazon Video, Google Play Movies, YouTube, Vudu, Microsoft Store, FlixFling, Spectrum On Demand ","Broken Chair Flickz, Universal Pictures, Legendary Pictures, Cube Vision, Crucial Films, Circle of Confusion, Will Packer Productions, Xenon Pictures",http://www.straightouttacompton.com/
The Transporter Refueled,95,English,"The fast-paced action movie is again set in the criminal underworld in France, where Frank Martin is known as The Transporter, because he is the best driver and mercenary money can buy. In this installment, he meets Anna and they attempt to take down a group of ruthless Russian human traffickers who also have kidnapped Frank’s father.",2015,"Action, Thriller, Crime","transporter, sequel, bank heist","Ed Skrein, Gabriella Wright, Loan Chabanol, Ray Stevenson, Tatiana Pajković",Camille Delamarre,"Netflix, Max Amazon Channel, Netflix basic with Ads ","Apple TV, Amazon Video, Google Play Movies, YouTube, Vudu, Microsoft Store, Redbox ","Apple TV, Amazon Video, Google Play Movies, YouTube, Vudu, Microsoft Store, Redbox ","EuropaCorp, TF1 Films Production, Fundamental Films, Canal+, OCS, TF1, TMC, Belga Films",Unknown
War Room,120,English,"The family-friendly movie explores the transformational role prayer plays in the lives of the Jordan family. Tony and Elizabeth Jordan, a middle-class couple who seemingly have it all – great jobs, a beautiful daughter, their dream home. But appearances can be deceiving. In reality, the Jordan’s marriage has become a war zone and their daughter is collateral damage. With the help of Miss Clara, an older, wiser woman, Elizabeth discovers she can start fighting for her family instead of against them. Through a newly energized faith, Elizabeth and Tony’s real enemy doesn’t have a prayer.",2015,Drama,"husband wife relationship, prayer, family relationships, closet, troubled marriage, marriage counselling, father daughter relationship, christian film, christian faith, independent film","Karen Abercrombie, T.C. Stallings, Alena Pitts, Tenae Downing, Priscilla C. Shirer",Alex Kendrick,"Starz Apple TV Channel, Starz Roku Premium Channel, Starz, Starz Amazon Channel ","Apple TV, Amazon Video, Google Play Movies, YouTube, Vudu, Microsoft Store, AMC on Demand ","Apple TV, Amazon Video, Google Play Movies, YouTube, Vudu, Microsoft Store ","FaithStep Films, Affirm Films, Provident Films, Red Sky Studios, TriStar Pictures",http://warroomthemovie.com/
Aloha,105,English,A celebrated military contractor returns to the site of his greatest career triumphs and re-connects with a long-ago love while unexpectedly falling for the hard-charging Air Force watchdog assigned to him.,2015,"Drama, Comedy, Romance","love triangle, hawaii, satellite, air force, military, duringcreditsstinger, communication","Rachel McAdams, Emma Stone, Bill Murray, John Krasinski, Bradley Cooper",Cameron Crowe,"Starz Apple TV Channel, Starz Roku Premium Channel, Starz, Eros Now, Starz Amazon Channel ","Apple TV, Amazon Video, Google Play Movies, YouTube, Vudu, AMC on Demand ","Apple TV, Amazon Video, Google Play Movies, YouTube, Vudu ","Vinyl Films, Scott Rudin Productions",Unknown
Tracers,94,English,"Wanted by the mafia, a New York City bike messenger escapes into the world of parkour after meeting a beautiful stranger.",2015,Action,"new york city, chinese mafia, parkour, loan shark, young adult","Taylor Lautner, Rafi Gavron, Adam Rayner, Sam Medina, Marie Avgeropoulos",Daniel Benmayor,"Max, Max Amazon Channel ","Apple TV, Amazon Video, Google Play Movies, YouTube, Vudu ","Apple TV, Amazon Video, Google Play Movies, YouTube, Vudu ","Melbarken, Saban Films, Cowtown Cinema Ventures, Temple Hill Entertainment, Freerunning, Senator Film",http://www.unlimited-movie.com/
Bāhubali: The Beginning,159,Telugu,"The young Shivudu is left as a foundling in a small village by his mother. By the time he’s grown up, it has become apparent that he possesses exceptional gifts. He meets the beautiful warrior princess Avanthika and learns that her queen has been held captive for the last 25 years. Shividu sets off to rescue her, discovering his own origins in the process.",2015,"Action, Adventure, Fantasy","kingdom, medieval india, ancient india, bilingual","Anushka Shetty, Tamannaah Bhatia, Ramya Krishnan, Rana Daggubati, Prabhas",S. S. Rajamouli,"Netflix, Netflix basic with Ads ","Apple TV, Google Play Movies, YouTube ","Apple TV, Google Play Movies, YouTube ",Arka Media Works,http://baahubali.com
The Walk,123,English,The story of French high-wire artist Philippe Petit's attempt to cross the Twin Towers of the World Trade Center in 1974.,2015,"History, Drama, Adventure","new york city, skyscraper, 1970s, biography, based on true story, tightrope, planning, world trade center, trespass","James Badge Dale, Clément Sibony, Charlotte Le Bon, Ben Kingsley, Joseph Gordon-Levitt",Robert Zemeckis,Starz Apple TV Channel ,"Apple TV, Amazon Video, Google Play Movies, YouTube, Vudu, Microsoft Store, AMC on Demand ","Apple TV, Amazon Video, Google Play Movies, YouTube, Vudu, Microsoft Store, Spectrum On Demand ","TriStar Pictures, LStar Capital, ImageMovers",http://www.sonypictures.com/movies/thewalk/
Bone Tomahawk,133,English,"During a shootout in a saloon, Sheriff Hunt injures a suspicious stranger. The doctor's assistant, wife of the local foreman, tends to him in prison. That night, the town is attacked and they both disappear—only the arrow of a cannibal tribe is found. Hunt and a few of his men go in search of the prisoner and the foreman's wife.",2015,"Western, Horror, Drama","rescue, sheriff, prisoner, ambush, poison, redemption, wilderness, gore, tribe, native american, rifle, murder, decapitation, drifter, scalping, cannibal, captive, neo-western, civil war veteran, burial ground, cave dwellers, horror western, brutal violence","Patrick Wilson, Kurt Russell, Richard Jenkins, Lili Simmons, Matthew Fox",S. Craig Zahler,"Hulu, Hoopla ","Apple TV, Amazon Video, Google Play Movies, YouTube, Vudu, Microsoft Store, Redbox ","Apple TV, Amazon Video, Google Play Movies, YouTube, Vudu, Microsoft Store ","Caliber Media Company, The Fyzz, Realmbuilders Productions, Twilight Riders, The Jokers Films, Platinum Platypus",http://www.thefyzz.com/project/bone-tomahawk
Furious 7,137,English,Deckard Shaw seeks revenge against Dominic Toretto and his family for his comatose brother.,2015,"Action, Thriller, Crime","car race, speed, street race, revenge, race, muscle car","Paul Walker, Jordana Brewster, Michelle Rodriguez, Vin Diesel, Jason Statham",James Wan,"Max, Max Amazon Channel ","Apple TV, Amazon Video, Google Play Movies, YouTube, Vudu, Microsoft Store, AMC on Demand ","Apple TV, Amazon Video, Google Play Movies, YouTube, Vudu, Microsoft Store, Spectrum On Demand ","Original Film, One Race, Universal Pictures",https://www.thefastsaga.com/fast-saga/ff7
Fifty Shades of Grey,125,English,"When college senior Anastasia Steele steps in for her sick roommate to interview prominent businessman Christian Grey for their campus paper, little does she realize the path her life will take. Christian, as enigmatic as he is rich and powerful, finds himself strangely drawn to Ana, and she to him. Though sexually inexperienced, Ana plunges headlong into an affair -- and learns that Christian's true sexual proclivities push the boundaries of pain and pleasure.",2015,"Drama, Romance, Thriller","bad smell, based on novel or book, eroticism, perversion, spanking, billionaire, rich, bdsm, woman director","Eloise Mumford, Dakota Johnson, Jamie Dornan, Victor Rasuk, Jennifer Ehle",Sam Taylor-Johnson,"Max, Max Amazon Channel, Cinemax Amazon Channel, Cinemax Apple TV Channel ","Apple TV, Amazon Video, Google Play Movies, YouTube, Vudu, Microsoft Store, AMC on Demand ","Apple TV, Amazon Video, Google Play Movies, YouTube, Vudu, Microsoft Store, FlixFling, Spectrum On Demand ","Focus Features, Michael De Luca Productions, Trigger Street Productions",https://www.facebook.com/fiftyshadesofgreymovie
The Age of Adaline,112,English,"After 29-year-old Adaline recovers from a nearly lethal accident, she inexplicably stops growing older. As the years stretch on and on, Adaline keeps her secret to herself  until she meets a man who changes her life.",2015,"Romance, Fantasy, Drama","immortality, san francisco, california, love, forever","Kathy Baker, Ellen Burstyn, Michiel Huisman, Harrison Ford, Blake Lively",Lee Toland Krieger,Peacock Premium ,"Apple TV, Amazon Video, Google Play Movies, YouTube, Vudu, Microsoft Store, AMC on Demand ","Apple TV, Amazon Video, Google Play Movies, YouTube, Vudu, Microsoft Store, Spectrum On Demand ","Lakeshore Entertainment, Sidney Kimmel Entertainment, Lionsgate",http://theageofadalinemovie.com
Daddy's Home,96,English,"The story of a mild-mannered radio executive who strives to become the best stepdad ever to his wife's two children, but complications ensue when their freewheeling, freeloading real father arrives, forcing stepdad to compete for the affection of the kids.",2015,Comedy,"father, family","Mark Wahlberg, Scarlett Estevez, Linda Cardellini, Will Ferrell, Thomas Haden Church",Sean Anders,Urban Movie Channel ,"Apple TV, Amazon Video, Google Play Movies, YouTube, Vudu, Microsoft Store, AMC on Demand ","Apple TV, Amazon Video, Google Play Movies, YouTube, Vudu, Microsoft Store, FlixFling, Spectrum On Demand ","Paramount, Gary Sanchez Productions, Red Granite Pictures",http://daddyshomemovie.tumblr.com/
Creed,133,English,"The former World Heavyweight Champion Rocky Balboa serves as a trainer and mentor to Adonis Johnson, the son of his late friend and former rival Apollo Creed.",2015,"Action, Drama","underdog, mexico, sports, mentor, trainer, cancer, spin off, underground fighting, boxing trainer, motivational speaker, boxing, legacy, boxing manager, boxing champion, famous brand, famous actor","Phylicia Rashād, Sylvester Stallone, Tessa Thompson, Andre Ward, Michael B. Jordan",Ryan Coogler,Peacock Premium ,"Apple TV, Amazon Video, Google Play Movies, YouTube, Vudu, Microsoft Store ","Apple TV, Google Play Movies, YouTube, Vudu, Microsoft Store, Spectrum On Demand ","Metro-Goldwyn-Mayer, New Line Cinema, Chartoff-Winkler Productions",https://www.mgm.com/movies/creed
Shaun the Sheep Movie,85,English,"When Shaun decides to take the day off and have some fun, he gets a little more action than he bargained for. A mix up with the Farmer, a caravan and a very steep hill lead them all to the Big City and it's up to Shaun and the flock to return everyone safely to the green grass of home.",2015,"Family, Animation, Comedy, Adventure","sheep, amnesia, countryside, stop motion, memory loss, hospital, best friend, dog, disguise, farmer, hospitalization, claymation, hairstylist, sheep farm, plasticine","Rich Webber, Kate Harbour, Omid Djalili, Justin Fletcher, John Sparkes","Richard Starzak, Mark Burton","fuboTV, Peacock Premium ","Apple TV, Amazon Video, Google Play Movies, YouTube, Vudu, Microsoft Store, AMC on Demand ","Apple TV, Amazon Video, Google Play Movies, YouTube, Vudu, Microsoft Store, Spectrum On Demand ","Aardman, Anton Capital Entertainment, StudioCanal",http://www.shaunthesheep.com/
The Martian,141,English,"During a manned mission to Mars, Astronaut Mark Watney is presumed dead after a fierce storm and left behind by his crew. But Watney has survived and finds himself stranded and alone on the hostile planet. With only meager supplies, he must draw upon his ingenuity, wit and spirit to subsist and find a way to signal to Earth that he is alive.",2015,"Drama, Adventure, Science Fiction","spacecraft, planet mars, based on novel or book, nasa, isolation, botanist, alone, survival, space, engineering, stranded, astronaut, struggle for survival, duringcreditsstinger, deep space, potatoes, 2030s","Jessica Chastain, Michael Peña, Matt Damon, Kristen Wiig, Jeff Daniels",Ridley Scott,,"Apple TV, Amazon Video, Google Play Movies, YouTube, Vudu, Microsoft Store, AMC on Demand ","Apple TV, Amazon Video, Google Play Movies, YouTube, Vudu, Microsoft Store ","Scott Free Productions, Genre Films, TSG Entertainment, 20th Century Fox",https://www.20thcenturystudios.com/movies/the-martian
Ex Machina,108,English,"Caleb, a coder at the world's largest internet company, wins a competition to spend a week at a private mountain retreat belonging to Nathan, the reclusive CEO of the company. But when Caleb arrives at the remote location he finds that he will have to participate in a strange and fascinating experiment in which he must interact with the world's first true artificial intelligence, housed in the body of a beautiful robot girl.",2015,"Drama, Science Fiction","android, dancing, friendship, distrust, artificial intelligence (a.i.), isolation, technology, manipulation, deception, norway, laboratory, robot, power outage, surveillance camera, consciousness, existentialism, lockdown, philosophical, turing test, cybernetics, gynoid, female cyborg, human android relationship","Alicia Vikander, Domhnall Gleeson, Sonoya Mizuno, Corey Johnson, Oscar Isaac",Alex Garland,"Max, Max Amazon Channel, Cinemax Amazon Channel, Cinemax Apple TV Channel ","Apple TV, Amazon Video, Google Play Movies, YouTube, Vudu, Microsoft Store, FlixFling ","Apple TV, Amazon Video, Google Play Movies, YouTube, Vudu, Microsoft Store, FlixFling, Spectrum On Demand ","DNA Films, Film4 Productions, IAC Films, Scott Rudin Productions",http://exmachina-movie.com/
Mission: Impossible - Rogue Nation,131,English,"Ethan and team take on their most impossible mission yet—eradicating 'The Syndicate', an International and highly-skilled rogue organization committed to destroying the IMF.",2015,"Action, Adventure","mission, london, england, spy, morocco, villain, austria, europe, sequel, conspiracy, vienna, austria, vienna opera","Ving Rhames, Simon Pegg, Jeremy Renner, Tom Cruise, Rebecca Ferguson",Christopher McQuarrie,"Amazon Prime Video, fuboTV, MGM Plus Amazon Channel, Paramount Plus, Paramount Plus Apple TV Channel , Paramount+ Amazon Channel, MGM Plus Roku Premium Channel, MGM Plus ","Apple TV, Amazon Video, Google Play Movies, YouTube, Vudu, Microsoft Store, AMC on Demand ","Apple TV, Amazon Video, Google Play Movies, YouTube, Vudu, Microsoft Store, Spectrum On Demand ","Paramount, Bad Robot, Odin, Skydance Media",Unknown
Survivor,96,English,"A Foreign Service Officer in London tries to prevent a terrorist attack set to hit New York, but is forced to go on the run when she is framed for crimes she did not commit.",2015,"Action, Crime, Mystery, Thriller","new year's eve, showdown, embassy, hand grenade, truck, laboratory, on the run, orphan, terrorism, death, microscope, watchmaker, hazmat suit","Dylan McDermott, Angela Bassett, Robert Forster, Pierce Brosnan, Milla Jovovich",James McTeigue,"Amazon Prime Video, fuboTV ","Apple TV, Amazon Video, Microsoft Store ","Apple TV, Amazon Video, Microsoft Store ","Survivor Productions, Nu Image, Winkler Films, Millennium Media",http://survivormovie.com/
Sicario,122,English,An idealistic FBI agent is enlisted by a government task force to aid in the escalating war against drugs at the border area between the U.S. and Mexico.,2015,"Action, Crime, Thriller","cia, mexico, bomb, fbi, smoking, texas, border, murder, dirty cop, football (soccer), drugs, night vision, death of daughter, tunnel, el paso, moral dilemma, neo-noir, death of wife, mexican cartel, secret tunnel","Emily Blunt, Benicio del Toro, Victor Garber, Jon Bernthal, Josh Brolin",Denis Villeneuve,"Amazon Prime Video, fuboTV, MGM Plus Amazon Channel, MGM Plus ","Apple TV, Amazon Video, Google Play Movies, YouTube, Vudu, Microsoft Store, AMC on Demand ","Apple TV, Amazon Video, Google Play Movies, YouTube, Vudu, Microsoft Store, Spectrum On Demand ","Thunder Road, Black Label Media, Lionsgate, Emperor Motion Pictures, Redrum",https://www.lionsgate.com/movies/sicario
The Student,50,Dutch,"Lana, a teacher in high school, does not know what to do about Benny, a new student, who is an aggressive yet coldblooded alfa male. Benny intimidates her and she tries to escape his dark magnetism.",2015,Drama,teacher student relationship,"Thijs Boermans, Halina Reijn",Rutger Veenstra,,,,BIND,Unknown
A Delicious Flight,97,Korean,"An innocent actress runs away from the scandal with an idol, the impudent idol that ruined her career, a passionate manager who is devoted to her and his ex-girlfriend who is now a sexy stewardess. These four that should never be together run into each other in an airplane. No one can run away and the most cheeky and erotic things happen here.",2015,Romance,softcore,"Baek In-Kwon, Son Woo-hyuk, Jeong Yoo-jin, Jeon Hyeon-soo, Shin Yu-ju",Choi Sang-hoon,,,,,Unknown
Maze Runner: The Scorch Trials,131,English,"Thomas and his fellow Gladers face their greatest challenge yet: searching for clues about the mysterious and powerful organization known as WCKD. Their journey takes them to the Scorch, a desolate landscape filled with unimaginable obstacles. Teaming up with resistance fighters, the Gladers take on WCKD’s vastly superior forces and uncover its shocking plans for them all.",2015,"Science Fiction, Action, Thriller, Adventure","based on novel or book, escape, resistance, dystopia, maze, post-apocalyptic future, infection, on the run, zombie, storm, disease, desert, sewer, antidote, corporation, virus, runner, city ruin, immunity, based on young adult novel","Kaya Scodelario, Dexter Darden, Ki Hong Lee, Dylan O'Brien, Thomas Brodie-Sangster",Wes Ball,"Max, Max Amazon Channel ","Apple TV, Amazon Video, Google Play Movies, YouTube, Vudu, Microsoft Store, AMC on Demand ","Apple TV, Amazon Video, Google Play Movies, YouTube, Vudu, Microsoft Store ","Temple Hill Entertainment, The Gotham Group, TSG Entertainment, 20th Century Fox",https://www.20thcenturystudios.com/movies/maze-runner-the-scorch-trials
X-Rated: The Greatest Adult Movies of All Time,94,English,"The evolution of adult cinema through the most influential films in history, a journey that begins in the 1970s and ends nowadays. An in-depth analysis of the success of the most prestigious erotic films, their impact on industry and society, and their influence on cinema and contemporary culture.",2015,Documentary,"pornography, interview, filmmaking, adult filmmaking","Christy Canyon, Chanel Preston, Jenna Jameson, Georgina Spelvin, Janine Lindemulder",Eli Cross,Showtime Apple TV Channel ,Microsoft Store ,Microsoft Store ,"Showtime Networks, Plausible Films",Unknown
It Follows,101,English,"When carefree teenager Jay sleeps with her older boyfriend for the first time, she learns that she is the latest recipient of a fatal curse that is passed from victim to victim via sexual intercourse. Death, Jay learns, will creep inexorably toward her as either a friend or a stranger. Jay's friends don't believe her seemingly paranoid ravings, until they too begin to see the phantom assassins and band together to help her defend herself.",2015,"Horror, Mystery","beach, chase, supernatural, friends, vision, teenage girl, school, detroit, michigan, evil, voyeurism, sexually transmitted disease, young adult, followed, ambiguity, ambiguous","Jake Weary, Keir Gilchrist, Maika Monroe, Daniel Zovatto, Olivia Luccardi",David Robert Mitchell,"Netflix, fuboTV, Paramount+ with Showtime, Paramount Plus Apple TV Channel , Paramount+ Amazon Channel, Showtime Roku Premium Channel, Showtime, Showtime Apple TV Channel ","Apple TV, Amazon Video, Google Play Movies, YouTube, Vudu, Microsoft Store, AMC on Demand ","Apple TV, Amazon Video, Google Play Movies, YouTube, Vudu, Microsoft Store ","Two Flints, Northern Lights Films, Animal Kingdom",Unknown
The Little Prince,108,English,"Based on the best-seller book 'The Little Prince', the movie tells the story of a little girl that lives with resignation in a world where efficiency and work are the only dogmas. Everything will change when accidentally she discovers her neighbor that will tell her about the story of the Little Prince that he once met.",2015,"Adventure, Animation, Fantasy, Family","airplane, parent child relationship, philosophy, dystopia, utopia, little boy, old man, growing up, stop motion, neighbor, school, little girl, based on children's book, social differences","Riley Osborne, Rachel McAdams, Mackenzie Foy, Marion Cotillard, Jeff Bridges",Mark Osborne,,"Apple TV, Amazon Video, Google Play Movies, YouTube, Vudu ","Apple TV, Amazon Video, Google Play Movies, YouTube, Vudu ","Orange Studio, ON Animation Studios, Canal+, CNC, LPPTV, M6 Films, On Entertainment, Lucky Red, Wild Bunch",Unknown
No Escape,103,English,"In their new overseas home, an American family soon finds themselves caught in the middle of a coup, and they frantically look for a safe escape in an environment where foreigners are being immediately executed.",2015,Thriller,"hotel, rebellion, race against time, revolution, coup d'etat, engineer, survival, execution, american, family, american abroad, u.s. embassy","Pierce Brosnan, Lake Bell, Sterling Jerins, Owen Wilson, Claire Geare",John Erick Dowdle,"fuboTV, Paramount+ with Showtime, Paramount Plus Apple TV Channel , Paramount+ Amazon Channel, Showtime Roku Premium Channel, Showtime, Showtime Apple TV Channel ","Apple TV, Amazon Video, Google Play Movies, YouTube, Vudu, Microsoft Store, AMC on Demand ","Apple TV, Vudu, Microsoft Store ","Living Films, Bold Films, Brothers Dowdle Productions, The Weinstein Company",Unknown
Goosebumps,103,English,"After moving to a small town, Zach Cooper finds a silver lining when he meets next door neighbor Hannah, the daughter of bestselling Goosebumps series author R.L. Stine. When Zach unintentionally unleashes real monsters from their manuscripts and they begin to terrorize the town, it’s suddenly up to Stine, Zach and Hannah to get all of them back in the books where they belong.",2015,"Adventure, Horror, Comedy","based on novel or book, magic, yeti, werewolf, family, new home, recluse, autumn, book comes to life, ventriloquist's dummy, praying mantis, new school, girl next door","Odeya Rush, Dylan Minnette, Jack Black, Amy Ryan, Ryan Lee",Rob Letterman,Hulu ,"Apple TV, Amazon Video, Google Play Movies, YouTube, Vudu, Microsoft Store, AMC on Demand ","Apple TV, Amazon Video, Google Play Movies, YouTube, Vudu, Microsoft Store ","Original Film, Scholastic Entertainment, Sony Pictures, Columbia Pictures, Village Roadshow Pictures, Sony Pictures Animation",http://www.goosebumps-movie.com/
Mutual Relations,90,Korean,"Ho-kyeong, Joo-yeong and Yeon-hee are students of an American university who are all pretty and sexy. They either know too much or know too little so they decide to find men who can satisfy them. A lean man who was a former nude model, a younger man who has perfect techniques and a man who thinks very highly of women; these guys start the project!",2015,"Comedy, Romance",softcore,"Kim Hwa-yeon, Lee Ah-reum, Ji Eun-seo, Park Cho-hyeon, SUN",Kim Hyeon-Bin,,,,Shamon Freitas and Company,Unknown
The Gigolo,97,Unknown,"Fung looks like a super-heartthrob and was bon with a special endowment, making him the high school idol. He was expelled from school when he was caught fighting on campus. When his mom, the sole provider of his family with her poultry business, had to stop working due to her back problems, Fung decides to support his family financially. And from that moment, his life takes on a tumultuous change…",2015,"Romance, Drama, Comedy","male prostitution, erotic movie","Candy Yuen, Hazel Tong, Winnie Leung, Dominic Ho, Jeana Ho Pui-Yu",Amen Au Cheuk-Man,,,,"Cameron Entertainment Co., Ltd., Mega-Vision Productions Limited",Unknown
Jupiter Ascending,127,English,"In a universe where human genetic material is the most precious commodity, an impoverished young Earth woman becomes the key to strategic maneuvers and internal strife within a powerful dynasty…",2015,"Science Fiction, Fantasy, Action","jupiter, space, space opera, woman director, interspecies romance","Douglas Booth, Channing Tatum, Sean Bean, Eddie Redmayne, Mila Kunis","Lilly Wachowski, Lana Wachowski",,"Apple TV, Amazon Video, Google Play Movies, YouTube, Vudu, Microsoft Store, AMC on Demand ","Apple TV, Amazon Video, Google Play Movies, YouTube, Vudu, Microsoft Store ","Warner Bros. Pictures, Village Roadshow Pictures, RatPac Entertainment, Anarchos Productions",http://www.jupiterascending.com
Insidious: Chapter 3,97,English,"A twisted new tale of terror begins for a teenage girl and her family, and revealing more mysteries of the otherworldly realm, 'The Further'.",2015,"Horror, Thriller, Mystery",sequel,"Leigh Whannell, Stefanie Scott, Dermot Mulroney, Angus Sampson, Lin Shaye",Leigh Whannell,"Max, Max Amazon Channel ","Apple TV, Amazon Video, Google Play Movies, YouTube, Vudu, Microsoft Store, AMC on Demand ","Apple TV, Amazon Video, Google Play Movies, YouTube, Vudu, Microsoft Store, Spectrum On Demand ","Blumhouse Productions, Entertainment One",Unknown
Alvin and the Chipmunks: The Road Chip,92,English,"Through a series of misunderstandings, Alvin, Simon and Theodore come to believe that Dave is going to propose to his new girlfriend in New York City - and dump them. They have three days to get to him and stop the proposal.",2015,"Family, Adventure, Comedy","anthropomorphism, chipmunk, hitchhiker, aftercreditsstinger, duringcreditsstinger, live action and animation","Matthew Gray Gubler, Bella Thorne, Jesse McCartney, Jason Lee, Justin Long",Walt Becker,"Max, Max Amazon Channel ","Apple TV, Amazon Video, Google Play Movies, YouTube, Vudu, Microsoft Store, AMC on Demand ","Apple TV, Amazon Video, Google Play Movies, YouTube, Vudu, Microsoft Store ","TSG Entertainment, Fox 2000 Pictures, Regency Enterprises, Bagdasarian Productions, Sunswept Entertainment",http://www.foxmovies.com/movies/alvin-and-the-chipmunks-the-road-chip
Legend,132,English,"Suave, charming and volatile, Reggie Kray and his unstable twin brother Ronnie start to leave their mark on the London underworld in the 1960s. Using violence to get what they want, the siblings orchestrate robberies and murders while running nightclubs and protection rackets. With police Detective Leonard ""Nipper"" Read hot on their heels, the brothers continue their rapid rise to power and achieve tabloid notoriety.",2015,"Crime, Thriller","gangster, biography, based on true story, twins","Emily Browning, Taron Egerton, Christopher Eccleston, Tom Hardy, David Thewlis",Brian Helgeland,,"Apple TV, Amazon Video, Google Play Movies, YouTube, Vudu, Microsoft Store, AMC on Demand ","Apple TV, Amazon Video, Google Play Movies, YouTube, Vudu, Microsoft Store ","Working Title Films, Cross Creek Pictures, Anton Capital Entertainment, StudioCanal, Canal+, Universal Pictures, Working Title Films",https://www.uphe.com/movies/legend-2015
Heidi,111,German,"Heidi, is an eight-year-old Swiss orphan who is given by her aunt to her mountain-dwelling grandfather. She is then stolen back by her aunt from her grandfather to live in the wealthy Sesemann household in Frankfurt, Germany as a companion to Klara, a sheltered, disabled girl in a wheelchair. Heidi is unhappy but makes the best of the situation, always longing for her grandfather.",2015,"Adventure, Family","friendship, orphan, family, swiss alps","Anuk Steffen, Katharina Schüttler, Isabelle Ottmann, Quirin Agrippi, Bruno Ganz",Alain Gsponer,"Hoopla, Film Movement Plus ","Apple TV, Amazon Video, Google Play Movies, YouTube, Vudu, Microsoft Store ","Apple TV, Amazon Video, Google Play Movies, YouTube, Vudu, Microsoft Store ","StudioCanal, Zodiac Pictures, Teleclub, Claussen+Wöbke Filmproduktion, SRF, ZDF",https://pub71.com
Vacation,99,English,"Hoping to bring his family closer together and to recreate his childhood vacation for his own kids, a grown up Rusty Griswold takes his wife and their two sons on a cross-country road trip to the coolest theme park in America, Walley World. Needless to say, things don't go quite as planned.",2015,Comedy,"route 66, vacation, grand canyon, dysfunctional family, road trip, sequel, family vacation, truck driver, amusement park, roller coaster / rollercoaster, theme park, bipolar disorder, plano texas, airplane pilot","Ed Helms, Skyler Gisondo, Chris Hemsworth, Steele Stebbins, Christina Applegate","John Francis Daley, Jonathan Goldstein","Max, Max Amazon Channel, Cinemax Amazon Channel, Cinemax Apple TV Channel ","Apple TV, Amazon Video, Google Play Movies, YouTube, Vudu, Microsoft Store, AMC on Demand ","Apple TV, Amazon Video, Google Play Movies, YouTube, Vudu, Microsoft Store, Spectrum On Demand ","New Line Cinema, BenderSpink, David Dobkin Productions",Unknown
Star Wars: The Force Awakens,136,English,"Thirty years after defeating the Galactic Empire, Han Solo and his allies face a new threat from the evil Kylo Ren and his army of Stormtroopers.",2015,"Adventure, Action, Science Fiction","android, spacecraft, space opera","Mark Hamill, Daisy Ridley, Adam Driver, Harrison Ford, Carrie Fisher",J.J. Abrams,Disney Plus ,"Apple TV, Amazon Video, Google Play Movies, YouTube, Vudu, Microsoft Store, AMC on Demand ","Apple TV, Amazon Video, Google Play Movies, YouTube, Vudu, Microsoft Store, Spectrum On Demand ","Lucasfilm Ltd., Bad Robot",http://www.starwars.com/films/star-wars-episode-vii
Cinderella,105,English,"When her father unexpectedly passes away, young Ella finds herself at the mercy of her cruel stepmother and her daughters. Never one to give up hope, Ella's fortunes begin to change after meeting a dashing stranger in the woods.",2015,"Romance, Fantasy, Family, Drama","magic, kingdom, fairy tale, prince, royalty, orphan, lost shoe, evil stepmother, based on fairy tale, retelling, live action and animation, live action remake","Stellan Skarsgård, Lily James, Holliday Grainger, Richard Madden, Cate Blanchett",Kenneth Branagh,"Disney Plus, Starz Apple TV Channel ","Apple TV, Amazon Video, Google Play Movies, YouTube, Vudu, Microsoft Store, AMC on Demand ","Apple TV, Amazon Video, Google Play Movies, YouTube, Vudu, Microsoft Store, Spectrum On Demand ","Walt Disney Pictures, Genre Films, Beagle Pug Films, Allison Shearmur Productions",http://movies.disney.com/cinderella
The Longest Ride,128,English,The lives of a young couple intertwine with a much older man as he reflects back on a lost love while he's trapped in an automobile crash.,2015,"Drama, Romance","based on novel or book, romance, art student, love, cowboy, injury, bull riding, young adult","Jack Huston, Britt Robertson, Scott Eastwood, Melissa Benoist, Lolita Davidovich",George Tillman Jr.,"Max, Max Amazon Channel ","Apple TV, Amazon Video, Google Play Movies, YouTube, Vudu, Microsoft Store, AMC on Demand ","Apple TV, Amazon Video, Google Play Movies, YouTube, Vudu, Microsoft Store ","Fox 2000 Pictures, Temple Hill Entertainment",Unknown
I Spit on Your Grave III: Vengeance Is Mine,91,English,"Jennifer Hills is still tormented by the brutal sexual assault she endured years ago. She’s changed identities and cities, reluctantly joining a support group where she begins to piece together a new life. But when her new friend’s murderer goes free and the tales of serial rapists haunt her, Jennifer will hunt down the men responsible and do what the system won’t – make them pay for their crimes in the most horrific ways imaginable. Only this time, no jury may be able to save her.",2015,"Horror, Thriller","rape, police, detective, group therapy, investigation, sequel, revenge, murder, torture, attempted rape, rape and revenge","Jeff Branson, Harley Jane Kozak, Karen Strassman, Jennifer Landon, Sarah Butler",R.D. Braunstein,Hoopla ,"Apple TV, Amazon Video, Google Play Movies, YouTube, Vudu, Microsoft Store ","Apple TV, Amazon Video, Vudu, Microsoft Store ",CineTel Films,http://www.cinetelfilms.com/films/film-ispit3.html
Fantastic Four,100,English,"Four young outsiders teleport to a dangerous universe, which alters their physical form in shocking ways. Their lives irrevocably upended, the team must learn to harness their daunting new abilities and work together to save Earth from a former friend turned enemy.",2015,"Action, Adventure, Science Fiction","teleportation, superhero, transformation, telekinesis, portal, based on comic, superhero team, fantastic four, invisible person","Jamie Bell, Kate Mara, Toby Kebbell, Miles Teller, Michael B. Jordan",Josh Trank,"Max, Max Amazon Channel ","Apple TV, Amazon Video, Google Play Movies, YouTube, Vudu, Microsoft Store, AMC on Demand ","Apple TV, Amazon Video, Google Play Movies, YouTube, Vudu, Microsoft Store ","20th Century Fox, Constantin Film, Marvel Entertainment, Marv, Genre Films, Robert Kulzer Productions, TSG Entertainment",https://family.20thcenturystudios.com/movies/fantastic-four
Hitman: Agent 47,96,English,An assassin teams up with a woman to help her find her father and uncover the mysteries of her ancestry.,2015,"Action, Crime, Thriller","assassin, hitman, secret identity, intelligence, execution, killer, based on video game","Emilio Rivera, Zachary Quinto, Rolf Kanies, Hannah Ware, Rupert Friend",Aleksander Bach,"Max, Max Amazon Channel ","Apple TV, Amazon Video, Google Play Movies, YouTube, Vudu, Microsoft Store, AMC on Demand ","Apple TV, Amazon Video, Google Play Movies, YouTube, Vudu, Microsoft Store ","Daybreak Productions, Prime Universe Productions, Giant Pictures, TSG Entertainment, Dayday Films, Ingenious Media, Fox International Productions, Deutscher Filmförderfonds, 20th Century Fox, Medienboard Berlin-Brandenburg",http://www.foxmovies.com/movies/hitman-agent-47
Tomorrowland,130,English,"Bound by a shared destiny, a bright, optimistic teen bursting with scientific curiosity and a former boy-genius inventor jaded by disillusionment embark on a danger-filled mission to unearth the secrets of an enigmatic place somewhere in time and space that exists in their collective memory as ""Tomorrowland.""",2015,"Adventure, Family, Mystery, Science Fiction","inventor, apocalypse, destiny, dreamer, futuristic car, futuristic city","George Clooney, Britt Robertson, Raffey Cassidy, Tim McGraw, Hugh Laurie",Brad Bird,"Starz Apple TV Channel, Starz Roku Premium Channel, Starz, Starz Amazon Channel ","Apple TV, Amazon Video, Google Play Movies, YouTube, Vudu, Microsoft Store, AMC on Demand ","Apple TV, Amazon Video, Google Play Movies, YouTube, Vudu, Microsoft Store ","Walt Disney Pictures, A113",https://bestforyourlife.com/love-memes-for-her/
Avengers: Age of Ultron,141,English,"When Tony Stark tries to jumpstart a dormant peacekeeping program, things go awry and Earth’s Mightiest Heroes are put to the ultimate test as the fate of the planet hangs in the balance. As the villainous Ultron emerges, it is up to The Avengers to stop him from enacting his terrible plans, and soon uneasy alliances and unexpected action pave the way for an epic and unique global adventure.",2015,"Action, Adventure, Science Fiction","artificial intelligence (a.i.), superhero, based on comic, sequel, superhero team, duringcreditsstinger, marvel cinematic universe (mcu), fictitious country, evil robot","Chris Hemsworth, Scarlett Johansson, Mark Ruffalo, Chris Evans, Robert Downey Jr.",Joss Whedon,Disney Plus ,"Apple TV, Amazon Video, Google Play Movies, YouTube, Vudu, Microsoft Store, AMC on Demand ","Apple TV, Amazon Video, Google Play Movies, YouTube, Vudu, Microsoft Store ",Marvel Studios,http://marvel.com/movies/movie/193/avengers_age_of_ultron
Knock Knock,99,English,"When a devoted husband and father is left home alone for the weekend, two stranded young women unexpectedly knock on his door for help. What starts out as a kind gesture results in a dangerous seduction and a deadly game of cat and mouse.",2015,"Thriller, Horror","adultery, infidelity, cake, disc jockey, rain, architect, seduction, torture, art, home invasion, extramarital affair, threesome, seductress, erotic thriller, married man","Colleen Camp, Aaron Burns, Ana de Armas, Lorenza Izzo, Keanu Reeves",Eli Roth,Amazon Prime Video ,"Apple TV, Amazon Video, Google Play Movies, YouTube, Vudu, Microsoft Store, AMC on Demand ","Apple TV, Amazon Video, Google Play Movies, YouTube, Vudu, Microsoft Store, Spectrum On Demand ","Sobras International Pictures, UFA, Black Bear Pictures, Camp Grey, Elevated Films, Movie Trailer House, Rogovin Brothers, Dragonfly Entertainment, Voltage Pictures",http://knockknockmovie.tumblr.com/
The Intern,121,English,"70-year-old widower Ben Whittaker has discovered that retirement isn't all it's cracked up to be. Seizing an opportunity to get back in the game, he becomes a senior intern at an online fashion site, founded and run by Jules Ostin.",2015,Comedy,"new york city, friendship, san francisco, california, office, masseuse, website, tai chi, internet, fish out of water, brooklyn, new york city, business start-up, driver, senior citizen, ceo, father figure, intern, social media, gentleman, woman director, city life, chivalry, retired life, professional woman, internship, e-comm, retailer, elderly widower, online store","Rene Russo, Anders Holm, JoJo Kushner, Anne Hathaway, Robert De Niro",Nancy Meyers,"Max, Max Amazon Channel ","Apple TV, Amazon Video, Google Play Movies, YouTube, Vudu, Microsoft Store, AMC on Demand ","Apple TV, Amazon Video, Google Play Movies, YouTube, Vudu, Microsoft Store ","Warner Bros. Pictures, RatPac Entertainment, Waverly Films",http://www.theinternmovie.com/
The Witch,92,English,"In 1630, a farmer relocates his family to a remote plot of land on the edge of a forest where strange, unsettling things happen. With suspicion and paranoia mounting, each family member's faith, loyalty and love are tested in shocking ways.",2015,"Horror, Mystery, Drama","witch, isolation, magic, possession, black magic, older woman seduces younger guy, new hampshire, woods, goat, puritan, religion, crying, false accusations, witchcraft, new england, praying, 17th century, folk horror, evil force, corruption of a minor, english colony","Harvey Scrimshaw, Ellie Grainger, Anya Taylor-Joy, Kate Dickie, Ralph Ineson",Robert Eggers,"Max, Max Amazon Channel, Cinemax Amazon Channel, Cinemax Apple TV Channel ","Apple TV, Amazon Video, Google Play Movies, YouTube, Vudu, Microsoft Store ","Apple TV, Amazon Video, Google Play Movies, YouTube, Vudu, Microsoft Store ","Very Special Projects, Parts & Labor, RT Features, Rooks Nest Entertainment, Maiden Voyage Pictures, Pulse Films, Scythia Films, Code Red Productions, Mott Street Pictures",http://a24films.com/films/witch/
The Hunger Games: Mockingjay - Part 2,137,English,"With the nation of Panem in a full scale war, Katniss confronts President Snow in the final showdown. Teamed with a group of her closest friends – including Gale, Finnick, and Peeta – Katniss goes off on a mission with the unit from District 13 as they risk their lives to stage an assassination attempt on President Snow who has become increasingly obsessed with destroying her. The mortal traps, enemies, and moral choices that await Katniss will challenge her more than any arena she faced in The Hunger Games.",2015,"Action, Adventure, Science Fiction","strong woman, based on novel or book, revolution, dystopia, death match, based on young adult novel","Woody Harrelson, Elizabeth Banks, Josh Hutcherson, Liam Hemsworth, Jennifer Lawrence",Francis Lawrence,"Peacock Premium, Starz Apple TV Channel, AMC+ ","Apple TV, Amazon Video, Google Play Movies, YouTube, Vudu, Microsoft Store, AMC on Demand ","Apple TV, Amazon Video, Google Play Movies, YouTube, Vudu, Microsoft Store ","Lionsgate, Color Force, Studio Babelsberg",http://www.thehungergames.movie/
Scouts Guide to the Zombie Apocalypse,93,English,"Three scouts and lifelong friends join forces with one badass cocktail waitress to become the world’s most unlikely team of heroes.  When their peaceful town is ravaged by a zombie invasion, they’ll fight for the badge of a lifetime and put their scouting skills to the test to save mankind from the undead.",2015,"Comedy, Horror","shotgun, camping, campsite, gore, strip club, zombie, dripping blood, flesh eating, boy scouts, zombie apocalypse","Tye Sheridan, Sarah Dumont, Logan Miller, Joey Morgan, David Koechner",Christopher Landon,"Amazon Prime Video, fuboTV, MGM Plus Amazon Channel, Paramount Plus, Paramount Plus Apple TV Channel , Paramount+ Amazon Channel, MGM Plus Roku Premium Channel, MGM Plus ","Apple TV, Amazon Video, Google Play Movies, YouTube, Vudu, Microsoft Store ","Apple TV, Amazon Video, Google Play Movies, YouTube, Vudu, Microsoft Store, Spectrum On Demand ","Broken Road Productions, Brucks Entertainment, Oops Doughnuts Productions",http://www.scoutsandzombiesmovie.com/
Southpaw,123,English,"Billy ""The Great"" Hope, the reigning junior middleweight boxing champion, has an impressive career, a loving wife and daughter, and a lavish lifestyle. However, when tragedy strikes, Billy hits rock bottom, losing his family, his house and his manager. He soon finds an unlikely savior in Tick Willis, a former fighter who trains the city's toughest amateur boxers. With his future on the line, Hope fights to reclaim the trust of those he loves the most.",2015,"Action, Drama","sports, fighter, tragedy, death, boxing, box ring, father daughter relationship","Rachel McAdams, Oona Laurence, Forest Whitaker, Jake Gyllenhaal, 50 Cent",Antoine Fuqua,"Netflix, fuboTV, Paramount+ with Showtime, Paramount Plus Apple TV Channel , Paramount+ Amazon Channel, Showtime Roku Premium Channel, Showtime, Showtime Apple TV Channel ","Apple TV, Amazon Video, Google Play Movies, YouTube, Vudu, Microsoft Store, AMC on Demand ","Apple TV, Amazon Video, Google Play Movies, YouTube, Vudu, Microsoft Store ","Fuqua Films, Escape Artists, Riche-Ludwig Productions, Wanda Pictures",Unknown
Jurassic World,124,English,"Twenty-two years after the events of Jurassic Park, Isla Nublar now features a fully functioning dinosaur theme park, Jurassic World, as originally envisioned by John Hammond.",2015,"Action, Adventure, Science Fiction, Thriller","island, primal fear, escape, velociraptor, dna, tyrannosaurus rex, animal attack, sequel, dinosaur, creature, park, amusement park, theme park, genetic engineering, raptor, animal horror, mosasaurus","Ty Simpkins, Vincent D'Onofrio, Nick Robinson, Chris Pratt, Bryce Dallas Howard",Colin Trevorrow,"Apple TV Plus, Max, Max Amazon Channel ","Apple TV, Amazon Video, Google Play Movies, YouTube, Vudu, Microsoft Store, AMC on Demand ","Apple TV, Amazon Video, Google Play Movies, YouTube, Vudu, Microsoft Store, Spectrum On Demand ","Amblin Entertainment, Universal Pictures",http://www.jurassicworld.com/
Ted 2,115,English,"Newlywed couple Ted and Tami-Lynn want to have a baby, but in order to qualify to be a parent, Ted will have to prove he's a person in a court of law.",2015,"Comedy, Fantasy","sperm bank, sequel, buddy, courthouse, teddy bear, aftercreditsstinger, toy comes to life","Mark Wahlberg, Jessica Barth, Seth MacFarlane, Amanda Seyfried, Giovanni Ribisi",Seth MacFarlane,"Max, Max Amazon Channel ","Apple TV, Amazon Video, Google Play Movies, YouTube, Vudu, Microsoft Store, AMC on Demand ","Apple TV, Amazon Video, Google Play Movies, YouTube, Vudu, Microsoft Store ","Smart Entertainment, Universal Pictures, Fuzzy Door Productions, Bluegrass Films, MRC",https://www.uphe.com/movies/ted-2
The Man from U.N.C.L.E.,116,English,"At the height of the Cold War, a mysterious criminal organization plans to use nuclear weapons and technology to upset the fragile balance of power between the United States and Soviet Union. CIA agent Napoleon Solo and KGB agent Illya Kuryakin are forced to put aside their hostilities and work together to stop the evildoers in their tracks. The duo's only lead is the daughter of a missing German scientist, whom they must find soon to prevent a global catastrophe.",2015,"Comedy, Action, Adventure","cia, spy, cold war, kgb, remake, buddy cop, russian spy, american spy","Alicia Vikander, Luca Calvani, Henry Cavill, Armie Hammer, Elizabeth Debicki",Guy Ritchie,"TNT, TBS, tru TV ","Apple TV, Amazon Video, Google Play Movies, YouTube, Vudu, Microsoft Store, AMC on Demand ","Apple TV, Amazon Video, Google Play Movies, YouTube, Vudu, Microsoft Store, Spectrum On Demand ","Wigram Productions, Davis Entertainment, RatPac Entertainment, Warner Bros. Pictures",Unknown
Mad Max: Fury Road,121,English,"An apocalyptic story set in the furthest reaches of our planet, in a stark desert landscape where humanity is broken, and most everyone is crazed fighting for the necessities of life. Within this world exist two rebels on the run who just might be able to restore order.",2015,"Action, Adventure, Science Fiction","rescue, future, australia, chase, dystopia, post-apocalyptic future, survival, on the run, on the road, convoy, peak oil, dark future","Charlize Theron, Nicholas Hoult, Tom Hardy, Josh Helman, Hugh Keays-Byrne",George Miller,"Apple TV Plus, Max, Max Amazon Channel ","Apple TV, Amazon Video, Google Play Movies, YouTube, Vudu, Microsoft Store, AMC on Demand ","Apple TV, Amazon Video, Google Play Movies, YouTube, Vudu, Microsoft Store, Spectrum On Demand ","Warner Bros. Pictures, Village Roadshow Pictures, Kennedy Miller Mitchell, Kennedy Miller Productions",https://www.warnerbros.com/movies/mad-max-fury-road
Krampus,98,English,"When his dysfunctional family clashes over the holidays, young Max is disillusioned and turns his back on Christmas.  Little does he know, this lack of festive spirit has unleashed the wrath of Krampus: a demonic force of ancient evil intent on punishing non-believers.",2015,"Horror, Comedy, Fantasy","fire, winter, holiday, santa claus, snowstorm, christmas tree, flashback, fireplace, snow, creature, power outage, destruction, demon, family, blizzard, based on myths, legends or folklore, christmas, bad kids","Adam Scott, Emjay Anthony, David Koechner, Toni Collette, Allison Tolman",Michael Dougherty,"TNT, TBS, tru TV ","Apple TV, Amazon Video, Google Play Movies, YouTube, Vudu, Microsoft Store ","Apple TV, Amazon Video, Google Play Movies, YouTube, Vudu, Microsoft Store, FlixFling, Spectrum On Demand ","Universal Pictures, Legendary Pictures, Syon Media, Zam Pictures, dentsu, Fuji Television Network",http://www.krampusthefilm.com/
Inside Out,95,English,"From an adventurous balloon ride above the clouds to a monster-filled metropolis, Academy Award®-winning director Pete Docter (“Monsters, Inc.,” “Up”) has taken audiences to unique and imaginative places. In Disney and Pixar’s original movie “ Inside Out,” he will take us to the most extraordinary location of all—inside the mind.",2015,"Animation, Family, Adventure, Drama, Comedy","dream, san francisco, california, minnesota, sadness, cartoon, ice hockey, imaginary friend, elementary school, family relationships, memory, family, unicorn, running away, duringcreditsstinger, emotions","Amy Poehler, Mindy Kaling, Lewis Black, Bill Hader, Phyllis Smith",Pete Docter,Disney Plus ,"Apple TV, Amazon Video, Google Play Movies, YouTube, Vudu, Microsoft Store, AMC on Demand ","Apple TV, Amazon Video, Google Play Movies, YouTube, Vudu, Microsoft Store ","Pixar, Walt Disney Pictures",http://movies.disney.com/inside-out
The Wedding Ringer,101,English,"Doug Harris is a loveable but socially awkward groom-to-be with a problem: he has no best man.  With less than two weeks to go until he marries the girl of his dreams, Doug is referred to Jimmy Callahan, owner and CEO of Best Man, Inc., a company that provides flattering best men for socially challenged guys in need.  What ensues is a hilarious wedding charade as they try to pull off the big con, and an unexpected budding bromance between Doug and his fake best man Jimmy.",2015,Comedy,"male friendship, impersonator, wedding, lying, best man","Olivia Thirlby, Affion Crockett, Josh Gad, Kaley Cuoco, Kevin Hart",Jeremy Garelick,"Starz Apple TV Channel, Starz Roku Premium Channel, Starz, Starz Amazon Channel ","Apple TV, Amazon Video, Google Play Movies, YouTube, Vudu, Microsoft Store, AMC on Demand ","Apple TV, Amazon Video, Google Play Movies, YouTube, Vudu, Microsoft Store ","Screen Gems, LStar Capital, Miramax, Will Packer Productions",https://www.sonypictures.com/movies/theweddingringer
San Andreas,114,English,"In the aftermath of a massive earthquake in California, a rescue-chopper pilot makes a dangerous journey across the state in order to rescue his estranged daughter.",2015,"Action, Drama, Thriller","california, earthquake, disaster, tidal wave, catastrophe, disaster movie, san andreas, california, helicopter crash, rescue operation","Dwayne Johnson, Carla Gugino, Alexandra Daddario, Archie Panjabi, Ioan Gruffudd",Brad Peyton,"Max, Max Amazon Channel ","Apple TV, Amazon Video, Google Play Movies, YouTube, Vudu, Microsoft Store, AMC on Demand ","Apple TV, Amazon Video, Google Play Movies, YouTube, Vudu, Microsoft Store, Spectrum On Demand ","New Line Cinema, Village Roadshow Pictures, Flynn Picture Company, Warner Bros. Pictures",http://www.sanandreasmovie.com/
The Good Dinosaur,93,English,An epic journey into the world of dinosaurs where an Apatosaurus named Arlo makes an unlikely human friend.,2015,"Adventure, Animation, Family","friendship, tyrannosaurus rex, cartoon, friends, alternate history, dinosaur, fear, storm, nature, journey","Jeffrey Wright, Frances McDormand, Sam Elliott, Raymond Ochoa, Steve Zahn",Peter Sohn,Disney Plus ,"Apple TV, Amazon Video, Google Play Movies, YouTube, Vudu, Microsoft Store, AMC on Demand ","Apple TV, Amazon Video, Google Play Movies, YouTube, Vudu, Microsoft Store, Spectrum On Demand ",Pixar,http://movies.disney.com/the-good-dinosaur
Boruto: Naruto the Movie,95,Japanese,"The spirited Boruto Uzumaki, son of Seventh Hokage Naruto, is a skilled ninja who possesses the same brashness and passion his father once had. However, the constant absence of his father, who is busy with his Hokage duties, puts a damper on Boruto's fire. He ends up meeting his father's friend Sasuke, and requests to become... his apprentice!? The curtain on the story of the new generation rises!",2015,"Adventure, Action, Animation, Comedy, Fantasy",anime,"Yuko Sanpei, Cocoro Kikuchi, Daisuke Namikawa, Junko Takeuchi, Noriaki Sugiyama",Hiroyuki Yamashita,,"Apple TV, Amazon Video, Google Play Movies, YouTube, Vudu, Microsoft Store ","Apple TV, Vudu ","Pierrot, Aniplex, Bandai Namco Entertainment, Bandai, dentsu, Shueisha, TV Tokyo, TOHO",Unknown
Self/less,117,English,An extremely wealthy elderly man dying from cancer undergoes a radical medical procedure that transfers his consciousness to the body of a healthy young man but everything may not be as good as it seems when he starts to uncover the mystery of the body's origins and the secret organization that will kill to keep its secrets.,2015,"Science Fiction, Mystery, Thriller, Action","immortality, lie, terminal illness, laboratory, cancer, doctor, body-swap, death, rich, false memory, soul transference, rich man, mind transfer, host body, body snatching, eternal","Natalie Martinez, Ben Kingsley, Ryan Reynolds, Michelle Dockery, Matthew Goode",Tarsem Singh,Starz Apple TV Channel ,"Apple TV, Amazon Video, Google Play Movies, YouTube, Vudu, Microsoft Store, AMC on Demand ","Apple TV, Amazon Video, Google Play Movies, YouTube, Vudu, Microsoft Store ","Ram Bergman Productions, Endgame Entertainment",http://selflessmovie.tumblr.com/
Wild Card,92,English,"When a Las Vegas bodyguard with lethal skills and a gambling problem gets in trouble with the mob, he has one last play… and it's all or nothing.",2015,"Thriller, Crime, Action","gambling, bodyguard, remake, las vegas","Hope Davis, Milo Ventimiglia, Dominik Garcia, Michael Angarano, Jason Statham",Simon West,"Peacock Premium, Starz Apple TV Channel ","Apple TV, Amazon Video, Google Play Movies, YouTube, Vudu, Microsoft Store, AMC on Demand ","Apple TV, Amazon Video, Google Play Movies, YouTube, Vudu, Microsoft Store ","SJ Pictures, SJ Heat Productions, Current Entertainment, Lionsgate, Sierra/Affinity, Silver State Production Services, Cinema Seven Productions",Unknown
The Revenant,157,English,"In the 1820s, a frontiersman, Hugh Glass, sets out on a path of vengeance against those who left him for dead after a bear mauling.",2015,"Western, Drama, Adventure","rape, based on novel or book, parent child relationship, winter, child murder, mountain, grizzly bear, wilderness, gore, native american, forest, based on true story, liar, fur trapping, frontier, remake, revenge, survival, murder, bear, snow, scalping, nature, wild west, bear attack, indian attack, dead horse, starvation, 19th century, wolves","Forrest Goodluck, Leonardo DiCaprio, Domhnall Gleeson, Tom Hardy, Will Poulter",Alejandro González Iñárritu,Max Amazon Channel ,"Apple TV, Amazon Video, Google Play Movies, YouTube, Vudu, Microsoft Store, AMC on Demand ","Apple TV, Amazon Video, Google Play Movies, YouTube, Vudu, Microsoft Store ","Monarchy Enterprises S.a.r.l., Regency Enterprises, Appian Way, CatchPlay, Anonymous Content, New Regency Pictures, Hong Kong Alpha Motion Pictures Co., M Productions, RatPac Entertainment",https://www.foxmovies.com/movies/the-revenant
Superfast!,99,English,"Undercover cop Lucas White joins Vin Serento's LA gang of illegal street racers. They are fast and they are furious and they plan to double cross LA crime kingpin Juan Carlos de la Sol who hides his cash in a downtown Taco Bell. The gang's outrageous plan is as daring as it is ridiculous and will see them towing the whole restaurant, at crazy speeds.",2015,"Comedy, Action","car race, parody, spoof","Gonzalo Menendez, Lili Mirojnick, Dale Pavinski, Alex Ashbaugh, Andrea Navedo","Jason Friedberg, Aaron Seltzer",Amazon Prime Video ,"Apple TV, Amazon Video, Google Play Movies, YouTube, Vudu, Microsoft Store ","Apple TV, Amazon Video, Google Play Movies, YouTube, Vudu, Microsoft Store ","The Safran Company, 3 in the Box, Ketchup Entertainment",Unknown
Home,94,English,"When Earth is taken over by the overly-confident Boov, an alien race in search of a new place to call home, all humans are promptly relocated, while all Boov get busy reorganizing the planet. But when one resourceful girl, Tip, manages to avoid capture, she finds herself the accidental accomplice of a banished Boov named Oh. The two fugitives realize there’s a lot more at stake than intergalactic relations as they embark on the road trip of a lifetime.",2015,"Fantasy, Comedy, Animation, Science Fiction, Family","spacecraft, alien, space, alien invasion, alien friendship, awful leader, taking resposibility","Jennifer Lopez, Matt Jones, Jim Parsons, Rihanna, Steve Martin",Tim Johnson,Peacock Premium ,"Apple TV, Amazon Video, Google Play Movies, YouTube, Vudu, Microsoft Store, AMC on Demand ","Apple TV, Amazon Video, Google Play Movies, YouTube, Vudu, Microsoft Store ","DreamWorks Animation, 20th Century Fox",http://www.meettheboov.com/
Insurgent,119,English,Beatrice Prior must confront her inner demons and continue her fight against a powerful alliance which threatens to tear her society apart.,2015,"Action, Adventure, Science Fiction, Thriller","based on novel or book, revolution, dystopia, sequel, based on young adult novel","Ansel Elgort, Theo James, Kate Winslet, Miles Teller, Shailene Woodley",Robert Schwentke,"Amazon Prime Video, AMC Plus Apple TV Channel , AMC+ Amazon Channel, AMC+ Roku Premium Channel ","Apple TV, Amazon Video, Google Play Movies, YouTube, Vudu, Microsoft Store, AMC on Demand ","Apple TV, Amazon Video, Google Play Movies, YouTube, Vudu, Microsoft Store ","Summit Entertainment, Red Wagon Entertainment, Mandeville Films, NeoReel, Lionsgate",http://www.thedivergentseries.movie/#insurgent
Demolition,101,English,An emotionally desperate investment banker finds hope through a woman he meets.,2015,"Comedy, Drama","infidelity, new york city, loss of loved one, pregnancy, dark comedy, carousel , father-in-law, car crash, pot smoking, grieving widower, grief, marijuana, male homosexuality, hospital, car accident, mourning, lgbt teen, grieving, vending machine, death of wife, investment banker, station wagon","Judah Lewis, Chris Cooper, Jake Gyllenhaal, C.J. Wilson, Naomi Watts",Jean-Marc Vallée,,"Apple TV, Amazon Video, Google Play Movies, YouTube, Vudu, Microsoft Store, AMC on Demand ","Apple TV, Amazon Video, Google Play Movies, YouTube, Vudu, Microsoft Store ","Sidney Kimmel Entertainment, Mr. Mudd Production, Right of Way Films, Black Label Media",http://www.foxsearchlight.com/demolition/
The Dressmaker,118,English,"In 1950s Australia, beautiful, talented dressmaker Tilly returns to her tiny hometown to right wrongs from her past. As she tries to reconcile with her mother, she starts to fall in love while transforming the fashion of the town.",2015,"Drama, Comedy, Western","australia, small town, based on novel or book, suppressed past, dark comedy, bullying, exile, dressmaker, revenge, accidental death, house fire, hometown, dressing, costume designer, cross dresser, fashion design, woman director, suppressed memory, australian outback, evening gown, odd crowd, accused of murder, 1950s, town gossip, revenge tragedy, return to hometown, grain silo","Judy Davis, Hayley Magnus, Kate Winslet, Liam Hemsworth, Caroline Goodall",Jocelyn Moorhouse,"Amazon Prime Video, Hoopla ","Apple TV, Google Play Movies, YouTube, Vudu, FlixFling ","Apple TV, Google Play Movies, YouTube, Vudu, FlixFling ","White Hot Productions, Screen Australia, Film Art Media, Embankment Films",http://www.thedressmakermovie.com.au
Ant-Man,117,English,"Armed with the astonishing ability to shrink in scale but increase in strength, master thief Scott Lang must embrace his inner-hero and help his mentor, Doctor Hank Pym, protect the secret behind his spectacular Ant-Man suit from a new generation of towering threats. Against seemingly insurmountable obstacles, Pym and Lang must plan and pull off a heist that will save the world.",2015,"Science Fiction, Action, Adventure","superhero, ant, shrinking, based on comic, heist, miniaturization, miniature people, aftercreditsstinger, duringcreditsstinger, marvel cinematic universe (mcu)","Paul Rudd, Michael Douglas, Evangeline Lilly, Bobby Cannavale, Corey Stoll",Peyton Reed,Disney Plus ,"Apple TV, Amazon Video, Google Play Movies, YouTube, Vudu, Microsoft Store, AMC on Demand ","Apple TV, Amazon Video, Google Play Movies, YouTube, Vudu, Microsoft Store ",Marvel Studios,http://marvel.com/movies/movie/180/ant-man
Pitch Perfect 2,115,English,"The Bellas are back, and they are better than ever. After being humiliated in front of none other than the President of the United States of America, the Bellas are taken out of the Aca-Circuit. In order to clear their name, and regain their status, the Bellas take on a seemingly impossible task: winning an international competition no American team has ever won. In order to accomplish this monumental task, they need to strengthen the bonds of friendship and sisterhood and blow away the competition with their amazing aca-magic! With all new friends and old rivals tagging along for the trip, the Bellas can hopefully accomplish their dreams.",2015,"Comedy, Music","sequel, singer, audition, group of friends, duringcreditsstinger, singing competition, woman director, acapella, music movie","Ester Dean, Hailee Steinfeld, Brittany Snow, Rebel Wilson, Anna Kendrick",Elizabeth Banks,"Max, Max Amazon Channel ","Apple TV, Amazon Video, Google Play Movies, YouTube, Vudu, Microsoft Store, AMC on Demand ","Apple TV, Amazon Video, Google Play Movies, YouTube, Vudu, Microsoft Store, FlixFling, Spectrum On Demand ","Brownstone Productions, Gold Circle Films, Universal Pictures",http://www.pitchperfectmovie.com/
Justice League: Throne of Atlantis,72,English,"After the events of Justice League: War, Ocean Master and Black Manta have declared a war against the surface in retaliation of the aftermath of Apokoliptian-tyrant Darkseid's planetary invasion. Queen Atlanna seeks out her other son, Ocean Master’s half-brother Arthur Curry, a half-human with aquatic powers with no knowledge of his Atlantean heritage, to restore balance.  Living with powers he doesn’t understand and seeing the danger around him, Curry takes steps to embrace his destiny, joining the Justice League, and with his new teammates he battles to save Earth from total destruction.",2015,"Science Fiction, Action, Animation, Adventure","cartoon, based on comic, super power, superhero team, dc animated movie universe","Nathan Fillion, Rosario Dawson, Christopher Gorham, Sean Astin, Matt Lanter",Ethan Spaulding,Max Amazon Channel ,"Apple TV, Amazon Video, Google Play Movies, YouTube, Vudu, Microsoft Store ","Apple TV, Amazon Video, Google Play Movies, YouTube, Vudu, Microsoft Store ","DC Comics, DC Entertainment, Warner Bros. Animation",http://www.warnerbros.com/justice-league-throne-atlantis-0
The Lobster,119,English,"In a dystopian near future, single people, according to the laws of The City, are taken to The Hotel, where they are obliged to find a romantic partner in forty-five days or are transformed into animals and sent off into The Woods.",2015,"Comedy, Drama, Romance","hotel, suicide attempt, boat, dystopia, woods, punishment, swimming, grave digging, dead rabbit, manhunt, shooting an animal","Colin Farrell, Michael Smiley, Olivia Colman, Rachel Weisz, Léa Seydoux",Yorgos Lanthimos,"Max, Max Amazon Channel ","Apple TV, Amazon Video, Google Play Movies, YouTube, Vudu, Microsoft Store ","Apple TV, Amazon Video, Google Play Movies, YouTube, Vudu, Microsoft Store, Spectrum On Demand ","Scarlet Films, Haut et Court, Eurimages, Lemming Film, Element Pictures, Nederlands Fonds voor de Film, Greek Film Centre, Faliro House Productions, Limp, Film4 Productions, Protagonist Pictures",http://thelobster-movie.com/
Hotel Transylvania 2,89,English,"When the old-old-old-fashioned vampire Vlad arrives at the hotel for an impromptu family get-together, Hotel Transylvania is in for a collision of supernatural old-school and modern day cool.",2015,"Animation, Comedy, Family, Fantasy","hotel, witch, skeleton, magic, transylvania, technology, marriage, mummy, only child, backpacker, wolfman, zombie, moving out, invisible person, new life, dracula","Andy Samberg, Selena Gomez, Kevin James, Steve Buscemi, Adam Sandler",Genndy Tartakovsky,,"Apple TV, Amazon Video, Google Play Movies, YouTube, Vudu, Microsoft Store, AMC on Demand ","Apple TV, Amazon Video, Google Play Movies, YouTube, Vudu, Microsoft Store, Spectrum On Demand ","Columbia Pictures, Sony Pictures Animation",Unknown
Killing Jesus,132,English,Jesus of Nazareth’s life and ministry were subject to seismic social and political events that led to his execution and changed the world forever.,2015,"TV Movie, Drama, Fantasy","roman empire, biography, paranoid fantasy, religion, jesus christ","Emmanuelle Chriqui, John Rhys-Davies, Eoin Macken, Rufus Sewell, Haaz Sleiman",Christopher Menaul,,"Apple TV, Amazon Video, Google Play Movies, YouTube, Vudu, Microsoft Store ","Apple TV, Amazon Video, Google Play Movies, YouTube, Vudu ","Dune Films, Scott Free Productions",http://channel.nationalgeographic.com/killing-jesus/
The Last Witch Hunter,106,English,"The modern world holds many secrets, but by far the most astounding is that witches still live among us; vicious supernatural creatures intent on unleashing the Black Death upon the world and putting an end to the human race once and for all. Armies of witch hunters have battled this unnatural enemy for centuries, including Kaulder, a valiant warrior who many years ago slayed the all-powerful Witch Queen, decimating her followers in the process. In the moments right before her death, the Queen cursed Kaulder with immortality, forever separating him from his beloved wife and daughter. Today, Kaulder is the last living hunter who has spent his immortal life tracking down rogue witches, all the while yearning for his long-lost family.",2015,"Fantasy, Action, Adventure","witch, new york city, magic, superstition, black magic, man, aircraft, woman murder, witch hunter","Elijah Wood, Vin Diesel, Rose Leslie, Ólafur Darri Ólafsson, Rena Owen",Breck Eisner,"Max, Max Amazon Channel, AMC+ ","Apple TV, Amazon Video, Google Play Movies, YouTube, Vudu, Microsoft Store, AMC on Demand ",Vudu ,"NeoReel, Summit Entertainment, Atmosphere Entertainment MM, Goldmann Pictures, Aperture Entertainment, TIK Films, One Race, Lionsgate",http://www.thelastwitchhunter.movie/
The Night Crew,89,English,"A group of hard up bounty hunters must survive the night in a desert motel against a horde of savage cartel killers. They soon realize that their fugitive, a mysterious Chinese woman, is much more than she lets on.",2015,"Thriller, Action, Mystery","bounty hunter, motel, crew, survival, fugitive, desert, savage, hard up, horde","Bokeem Woodbine, Jason Mewes, Luke Goss, Chasty Ballesteros, Danny Trejo",Christian Sesma,Amazon Prime Video ,,,Premiere Entertainment Group,Unknown
Pixels,105,English,Video game experts are recruited by the military to fight 1980s-era video game characters who've attacked New York.,2015,"Action, Comedy, Science Fiction","new york city, london, england, usa president, washington dc, usa, video game, nerd, gamer, single mother, alien invasion, divorcee, centipede, childhood friends, military, gaming, divorced man, alien attack, 1980s, cable guy, live action and animation, donkey kong, darpa, taj mahal, india, guam, arcade game, world war, alternative world, old school, based on short film, aliens, pattern, best friends, pixelation, video arcade, space invaders, galaga, pac-man","Kevin James, Peter Dinklage, Josh Gad, Michelle Monaghan, Adam Sandler",Chris Columbus,"Starz Apple TV Channel, Starz Roku Premium Channel, Starz, Starz Amazon Channel ","Apple TV, Amazon Video, Google Play Movies, YouTube, Vudu, Microsoft Store, AMC on Demand ","Apple TV, Amazon Video, Google Play Movies, YouTube, Vudu, Microsoft Store ","Columbia Pictures, Happy Madison Productions, 1492 Pictures, LStar Capital, China Film Group Corporation, Film Croppers Entertainment, Prime Focus",https://www.sonypictures.com/movies/pixels
Run All Night,114,English,"Brooklyn mobster and prolific hit man Jimmy Conlon has seen better days. Longtime best friend of a mob boss, Jimmy is haunted by the sins of his past—as well as a dogged police detective who’s been one step behind Jimmy for 30 years. But when Jimmy’s estranged son becomes a target, Jimmy must make a choice between the crime family he chose and the real family he abandoned long ago. Now, with nowhere safe to turn, Jimmy has just one night to figure out exactly where his loyalties lie and to see if he can finally make things right.",2015,"Action, Crime, Thriller","hitman, revenge, murder, mobster, on the run","Joel Kinnaman, Bruce McGill, Vincent D'Onofrio, Liam Neeson, Ed Harris",Jaume Collet-Serra,"Max, Max Amazon Channel ","Apple TV, Amazon Video, Google Play Movies, YouTube, Vudu ","Apple TV, Amazon Video, Google Play Movies, YouTube, Vudu ","RatPac Entertainment, Vertigo Entertainment, Energy Entertainment",Unknown
Dragon Ball Z: Resurrection 'F',93,Japanese,"One peaceful day on Earth, two remnants of Frieza's army named Sorbet and Tagoma arrive searching for the Dragon Balls with the aim of reviving Frieza. They succeed, and Frieza subsequently seeks revenge on the Saiyans.",2015,"Action, Animation, Science Fiction","resurrection, sequel, based on manga, alien attack, anime","Ryusei Nakao, Masakazu Morita, Ryou Horikawa, Masako Nozawa, Koichi Yamadera",Tadayoshi Yamamuro,"Crunchyroll, Crunchyroll Amazon Channel ","Vudu, Microsoft Store, AMC on Demand ","Vudu, Microsoft Store ","Toei Animation, Fizz Sound Creation, Toei Company, Fox International Productions Japan, Shueisha, Fuji Television Network, Bandai, Bandai Namco Group",http://www.dragonball2015.com/
Spectre,148,English,"A cryptic message from Bond’s past sends him on a trail to uncover a sinister organization. While M battles political forces to keep the secret service alive, Bond peels back the layers of deceit to reveal the terrible truth behind SPECTRE.",2015,"Action, Adventure, Thriller","based on novel or book, spy, secret agent, sequel, mi6, british secret service, united kingdom","Christoph Waltz, Monica Bellucci, Ralph Fiennes, Daniel Craig, Léa Seydoux",Sam Mendes,,"Apple TV, Amazon Video, Google Play Movies, YouTube, Vudu, Microsoft Store ","Apple TV, Amazon Video, Google Play Movies, YouTube, Vudu, Microsoft Store, Spectrum On Demand ","Metro-Goldwyn-Mayer, Columbia Pictures, EON Productions, Danjaq, B24",https://www.mgm.com/movies/spectre
